{
  "project_info": {
    "project_number": "54523558004",
    "project_id": "my-utra-alinghawa",
    "storage_bucket": "my-utra-alinghawa.firebasestorage.app"
  },
  "client": [
    {
      "client_info": {
        "mobilesdk_app_id": "1:54523558004:android:1cb47969768be50c8cb921",
        "android_client_info": {
          "package_name": "com.example.activity"
        }
      },
      "oauth_client": [],
      "api_key": [
        {
          "current_key": "AIzaSyBZUxfP0q8LA4ivU5lGaL61kHIVGvDQVo0"
        }
      ],
      "services": {
        "appinvite_service": {
          "other_platform_oauth_client": []
        }
      }
    }
  ],
  "configuration_version": "1"
}