{
    "flutter": {
      "platforms": {
        "android": {
          "default": {
            "projectId": "my-utra-alinghawa",
            "appId": "1:54523558004:android:1cb47969768be50c8cb921",
            "fileOutput": "android/app/google-services.json"
          }
        },
        "dart": {
          "lib/firebase_options.dart": {
            "projectId": "my-utra-alinghawa",
            "configurations": {
              "android": "1:54523558004:android:1cb47969768be50c8cb921",
              "ios": "1:54523558004:ios:08db26ccc4efbb218cb921",
              "macos": "1:54523558004:ios:08db26ccc4efbb218cb921",
              "web": "1:54523558004:web:9d6c463c57e263508cb921",
              "windows": "1:54523558004:web:41745374f1ee65118cb921"
            }
          }
        }
      }
    }
  }
  